{
    "V1": {
        "faithfulness": 0.9111111111111111,
        "answer_relevancy": 0.9686300667944876,
        "context_recall": 0.8,
        "context_precision": 0.9999999999
    },
    "V2": {
        "faithfulness": 0.4446591970121382,
        "answer_relevancy": 0.881887810763024,
        "context_recall": 0.8,
        "context_precision": 0.9999999999
    }
}